"AARTSELAAR","5,2%","","51.1319 4.3827","Aartselaar"
"ANVERS","18,2%","","51.2609 4.3695","Antwerp"
"BOECHOUT","5,9%","","51.1605 4.5105","Boechout"
"BOOM","10,3%","","51.0937 4.3731","Boom"
"BORSBEEK","10,0%","","51.1915 4.488","Borsbeek"
"BRASSCHAAT","7,1%","","51.31 4.4995","Brasschaat"
"BRECHT","5,3%","","51.329 4.594","Brecht"
"EDEGEM","6,8%","","51.159 4.4305","Edegem"
"ESSEN","7,8%","","51.4485 4.4635","Essen"
"HEMIKSEM","7,0%","","51.1455 4.3405","Hemiksem"
"HOVE","5,1%","","51.1474 4.482","Hove"
"KALMTHOUT","6,3%","","51.3988 4.4689","Kalmthout"
"KAPELLEN","5,3%","","51.3339 4.4438","Kapellen"
"KONTICH","5,4%","","51.1237 4.4445","Kontich"
"LINT","4,9%","","51.129 4.511","Lint"
"MORTSEL","7,9%","","51.1746 4.4612","Mortsel"
"NIEL","6,3%","","51.1055 4.3395","Niel"
"RANST","5,0%","","51.1927 4.5907","Ranst"
"RUMST","4,7%","","51.0938 4.4214","Rumst"
"SCHELLE","4,0%","","51.1226 4.3429","Schelle"
"SCHILDE","6,1%","","51.2561 4.5814","Schilde"
"SCHOTEN","6,4%","","51.2642 4.5083","Schoten"
"STABROEK","4,6%","","51.327 4.3715","Stabroek"
"WIJNEGEM","7,4%","","51.2296 4.5168","Wijnegem"
"WOMMELGEM","6,5%","","51.205 4.522","Wommelgem"
"WUUSTWEZEL","6,1%","","51.3855 4.5545","Wuustwezel"
"ZANDHOVEN","5,7%","","51.2114 4.6793","Zandhoven"
"ZOERSEL","4,8%","","51.2565 4.6455","Zoersel"
"ZWIJNDRECHT","7,9%","","51.224 4.3235","Zwijndrecht"
"MALLE","6,6%","","51.2934 4.7135","Malle"
"BERLAAR","6,3%","","51.1072 4.6561","Berlaar"
"BONHEIDEN","4,9%","","51.0185 4.569","Bonheiden"
"BORNEM","5,3%","","51.0915 4.2055","Bornem"
"DUFFEL","6,2%","","51.095 4.487","Duffel"
"HEIST-OP-DEN-BERG","5,7%","","51.063 4.723","Heist-op-den-Berg"
"LIERRE","8,7%","","51.1195 4.5745","Lier"
"MALINES","9,6%","","51.0288 4.4503","Mechelen"
"NIJLEN","5,6%","","51.1515 4.6855","Nijlen"
"PUTTE","5,6%","","51.0506 4.6364","Putte"
"WAVRE-SAINTE-CATHERINE","5,2%","","51.0625 4.5455","Sint-Katelijne-Waver"
"WILLEBROEK","8,2%","","51.05 4.357","Willebroek"
"PUURS-SINT-AMANDS","5,6%","","51.0645 4.2995","Puurs-Sint-Amands"
"ARENDONK","5,6%","","51.3346 5.0854","Arendonk"
"BAERLE-DUC","11,6%","","51.405 4.902","Baarle-Hertog"
"BALEN","5,1%","","51.1586 5.1829","Balen"
"BEERSE","4,2%","","51.3145 4.8231","Beerse"
"DESSEL","5,1%","","51.2415 5.122","Dessel"
"GEEL","6,3%","","51.166 4.972","Geel"
"GROBBENDONK","5,9%","","51.1798 4.7391","Grobbendonk"
"HERENTALS","6,3%","","51.1638 4.8276","Herentals"
"HERENTHOUT","5,1%","","51.1391 4.7599","Herenthout"
"HERSELT","5,0%","","51.0474 4.8829","Herselt"
"HOOGSTRATEN","7,8%","","51.4405 4.7315","Hoogstraten"
"HULSHOUT","4,3%","","51.0629 4.8123","Hulshout"
"KASTERLEE","5,5%","","51.241 4.908","Kasterlee"
"LILLE","4,8%","","51.253 4.834","Lille"
"MEERHOUT","5,0%","","51.1246 5.0735","Meerhout"
"MERKSPLAS","5,8%","","51.3704 4.8702","Merksplas"
"MOL","7,1%","","51.2336 5.1527","Mol"
"OLEN","4,6%","","51.1636 4.8854","Olen"
"OUD-TURNHOUT","6,0%","","51.3208 5.0044","Oud-Turnhout"
"RAVELS","8,2%","","51.4151 5.0261","Ravels"
"RETIE","6,7%","","51.258 5.056","Retie"
"RIJKEVORSEL","5,5%","","51.353 4.757","Rijkevorsel"
"TURNHOUT","11,1%","","51.3285 4.937","Turnhout"
"VORSELAAR","5,5%","","51.2177 4.773","Vorselaar"
"VOSSELAAR","4,3%","","51.3055 4.8849","Vosselaar"
"WESTERLO","4,5%","","51.1064 4.8818","Westerlo"
"LAAKDAL","3,8%","","51.0755 4.9695","Laakdal"
"ANDERLECHT","28,2%","","50.8288 4.2926","Anderlecht"
"AUDERGHEM","11,4%","","50.8103 4.4374","Oudergem"
"BERCHEM-SAINTE-AGATHE","19,3%","","50.8645 4.2941","Sint-Agatha-Berchem"
"BRUXELLES","24,7%","","50.8729 4.3752","Brussels"
"ETTERBEEK","18,2%","","50.833 4.3947","Etterbeek"
"EVERE","19,7%","","50.869 4.407","Evere"
"FOREST","21,6%","","50.8142 4.3243","Vorst"
"GANSHOREN","20,2%","","50.8744 4.3095","Ganshoren"
"IXELLES","18,4%","","50.8215 4.3795","Elsene"
"JETTE","20,3%","","50.8816 4.3214","Jette"
"KOEKELBERG","26,7%","","50.863 4.3241","Koekelberg"
"MOLENBEEK-SAINT-JEAN","31,5%","","50.8551 4.3182","Sint-Jans-Molenbeek"
"SAINT-GILLES","24,6%","","50.8296 4.3447","Sint-Gillis"
"SAINT-JOSSE-TEN-NOODE","34,0%","","50.8535 4.3745","Sint-Joost-ten-Node"
"SCHAERBEEK","26,8%","","50.862 4.385","Schaarbeek"
"UCCLE","13,3%","","50.7899 4.3614","Ukkel"
"WATERMAEL-BOITSFORT","13,4%","","50.7928 4.4236","Watermaal-Bosvoorde"
"WOLUWE-SAINT-LAMBERT","12,6%","","50.8485 4.431","Sint-Lambrechts-Woluwe"
"WOLUWE-SAINT-PIERRE","9,3%","","50.8335 4.4505","Sint-Pieters-Woluwe"
"ASSE","9,3%","","50.9085 4.1745","Asse"
"BEERSEL","6,1%","","50.7504 4.3019","Beersel"
"BIEVENE","5,4%","","50.711 3.9315","Bever"
"DILBEEK","7,9%","","50.8534 4.234","Dilbeek"
"GAMMERAGES","4,3%","","50.7505 3.9915","Galmaarden"
"GOOIK","4,6%","","50.7809 4.0958","Gooik"
"GRIMBERGEN","8,3%","","50.9445 4.3764","Grimbergen"
"HAL","6,8%","","50.7264 4.237","Halle"
"HERNE","3,8%","","50.7225 4.0375","Herne"
"HOEILAART","5,0%","","50.7612 4.4509","Hoeilaart"
"KAMPENHOUT","3,9%","","50.94 4.544","Kampenhout"
"KAPELLE-OP-DEN-BOS","5,3%","","51 4.355","Kapelle-op-den-Bos"
"LIEDEKERKE","5,7%","","50.8667 4.0932","Liedekerke"
"LONDERZEEL","5,7%","","51.0107 4.2765","Londerzeel"
"MACHELEN","9,2%","","50.9027 4.444","Machelen"
"MEISE","7,0%","","50.961 4.3158","Meise"
"MERCHTEM","6,8%","","50.9514 4.2471","Merchtem"
"OPWIJK","6,0%","","50.9605 4.1715","Opwijk"
"OVERIJSE","5,7%","","50.7713 4.5328","Overijse"
"PEPINGEN","4,9%","","50.7442 4.1477","Pepingen"
"SINT-PIETERS-LEEUW","8,8%","","50.7885 4.2435","Sint-Pieters-Leeuw"
"STEENOKKERZEEL","5,0%","","50.9209 4.4992","Steenokkerzeel"
"TERNAT","5,5%","","50.8655 4.1795","Ternat"
"VILVORDE","9,8%","","50.9302 4.4337","Vilvoorde"
"ZAVENTEM","8,6%","","50.8711 4.4866","Zaventem"
"ZEMST","3,4%","","50.978 4.449","Zemst"
"ROOSDAAL","4,1%","","50.835 4.096","Roosdaal"
"DROGENBOS","10,6%","","50.7934 4.309","Drogenbos"
"KRAAINEM","6,3%","","50.8456 4.4714","Kraainem"
"LINKEBEEK","8,8%","","50.7679 4.3454","Linkebeek"
"RHODE-SAINT-GENESE","7,7%","","50.7443 4.3734","Sint-Genesius-Rode"
"WEMMEL","10,1%","","50.909 4.3085","Wemmel"
"WEZEMBEEK-OPPEM","7,2%","","50.844 4.4935","Wezembeek-Oppem"
"LENNIK","4,9%","","50.8133 4.1636","Lennik"
"AFFLIGEM","4,7%","","50.9042 4.1159","Affligem"
"AARSCHOT","5,4%","","50.989 4.8646","Aarschot"
"BEGIJNENDIJK","4,0%","","51.007 4.7846","Begijnendijk"
"BEKKEVOORT","6,4%","","50.9345 4.9779","Bekkevoort"
"BERTEM","5,4%","","50.8539 4.6097","Bertem"
"BIERBEEK","4,2%","","50.83 4.7673","Bierbeek"
"BOORTMEERBEEK","4,0%","","50.9805 4.5625","Boortmeerbeek"
"BOUTERSEM","3,6%","","50.831 4.837","Boutersem"
"DIEST","7,1%","","50.9965 5.0485","Diest"
"GEETBETS","6,5%","","50.8915 5.1312","Geetbets"
"HAACHT","4,0%","","50.964 4.6414","Haacht"
"HERENT","4,8%","","50.9125 4.6325","Herent"
"HOEGAARDEN","4,0%","","50.7791 4.8766","Hoegaarden"
"HOLSBEEK","3,4%","","50.93 4.815","Holsbeek"
"HULDENBERG","5,1%","","50.7897 4.6119","Huldenberg"
"KEERBERGEN","4,9%","","51.0052 4.6543","Keerbergen"
"KORTENAKEN","4,8%","","50.8895 5.0125","Kortenaken"
"KORTENBERG","5,1%","","50.89 4.5689","Kortenberg"
"LANDEN","5,4%","","50.7547 5.0617","Landen"
"LOUVAIN","10,0%","","50.8821 4.7058","Leuven"
"LUBBEEK","4,2%","","50.882 4.8287","Lubbeek"
"OUD-HEVERLEE","4,8%","","50.8215 4.7235","Oud-Heverlee"
"ROTSELAAR","4,3%","","50.957 4.757","Rotselaar"
"TERVUREN","5,9%","","50.831 4.558","Tervuren(3)"
"TIRLEMONT","8,7%","","50.808 4.936","Tienen"
"TREMELO","4,2%","","50.9992 4.7267","Tremelo"
"LEAU","4,9%","","50.8351 5.1011","Zoutleeuw"
"LINTER","4,3%","","50.822 5.043","Linter"
"MONTAIGU-ZICHEM","5,2%","","50.9995 4.962","Scherpenheuvel-Zichem"
"TIELT-WINGE","6,1%","","50.9215 4.8845","Tielt-Winge"
"GLABBEEK","4,7%","","50.867 4.9495","Glabbeek"
"BEAUVECHAIN","7,1%","","50.7761 4.7646","Bevekom"
"BRAINE-L'ALLEUD","7,0%","","50.6733 4.3547","Eigenbrakel"
"BRAINE-LE-CHATEAU","6,9%","","50.6795 4.2575","Kasteelbrakel"
"CHAUMONT-GISTOUX","6,6%","","50.6875 4.6975","Chaumont-Gistoux"
"COURT-SAINT-ETIENNE","8,7%","","50.6265 4.5626","Court-Saint-Etienne"
"GENAPPE","8,0%","","50.6101 4.4563","Genepiën"
"GREZ-DOICEAU","6,7%","","50.7483 4.688","Graven"
"INCOURT","6,8%","","50.6991 4.7814","Incourt"
"ITTRE","6,0%","","50.6426 4.2578","Itter"
"JODOIGNE","9,3%","","50.7283 4.8604","Geldenaken"
"LA HULPE","8,1%","","50.7363 4.4646","Terhulpen"
"MONT-SAINT-GUIBERT","7,0%","","50.635 4.617","Mont-Saint-Guibert"
"NIVELLES","8,7%","","50.5969 4.3323","Nijvel"
"PERWEZ","6,7%","","50.6345 4.7795","Perwijs"
"RIXENSART","7,7%","","50.722 4.504","Rixensart"
"TUBIZE","10,1%","","50.6902 4.1905","Tubeke"
"VILLERS-LA-VILLE","6,0%","","50.5623 4.5266","Villers-la-Ville"
"WATERLOO","8,5%","","50.7095 4.4037","Waterloo"
"WAVRE","9,2%","","50.7158 4.5932","Waver"
"CHASTRE","7,8%","","50.5894 4.6231","Chastre"
"HELECINE","7,6%","","50.7465 4.9965","Hélécine"
"LASNE","8,9%","","50.6823 4.4615","Lasne"
"ORP-JAUCHE","6,1%","","50.6898 4.9632","Orp-Jauche"
"OTTIGNIES-LOUVAIN-LA-NEUVE","12,3%","","50.6725 4.5625","Ottignies-Louvain-la-Neuve"
"RAMILLIES","6,5%","","50.6595 4.886","Ramillies"
"REBECQ","7,8%","","50.6714 4.1304","Rebecq"
"WALHAIN","5,7%","","50.6313 4.6973","Walhain"
"BEERNEM","4,7%","","51.15 3.342","Beernem"
"BLANKENBERGE","8,1%","","51.302 3.1405","Blankenberge"
"BRUGES","6,6%","","51.2605 3.222","Brugge"
"DAMME","5,9%","","51.2522 3.3274","Damme"
"JABBEKE","4,2%","","51.191 3.087","Jabbeke"
"OOSTKAMP","5,0%","","51.1193 3.2303","Oostkamp"
"TORHOUT","5,8%","","51.059 3.089","Torhout"
"ZEDELGEM","4,4%","","51.1255 3.1365","Zedelgem"
"ZUIENKERKE","5,7%","","51.252 3.128","Zuienkerke"
"KNOKKE-HEIST","8,5%","","51.3325 3.3077","Knokke-Heist"
"DIXMUDE","6,8%","","51.0455 2.847","Diksmuide"
"HOUTHULST","5,0%","","50.9701 2.8963","Houthulst"
"KOEKELARE","5,1%","","51.089 2.9639","Koekelare"
"KORTEMARK","5,2%","","51.0248 3.0018","Kortemark"
"LO-RENINGE","7,6%","","50.9605 2.776","Lo-Reninge"
"YPRES","6,8%","","50.8665 2.8415","Ieper"
"MESSINES","10,3%","","50.76 2.899","Mesen"
"POPERINGE","7,1%","","50.866 2.67","Poperinge"
"WERVIK","8,2%","","50.8102 3.0565","Wervik"
"ZONNEBEKE","5,3%","","50.8645 3.0025","Zonnebeke"
"HEUVELLAND","7,4%","","50.7756 2.8303","Heuvelland"
"LANGEMARK-POELKAPELLE","4,8%","","50.9159 2.9294","Langemark-Poelkapelle"
"VLETEREN","6,4%","","50.9195 2.7275","Vleteren"
"ANZEGEM","4,8%","","50.8308 3.454","Anzegem"
"AVELGEM","5,5%","","50.7777 3.4536","Avelgem"
"DEERLIJK","4,8%","","50.8426 3.3662","Deerlijk"
"HARELBEKE","6,1%","","50.8638 3.3074","Harelbeke"
"COURTRAI","9,3%","","50.8 3.2645","Kortrijk"
"KUURNE","6,5%","","50.86 3.271","Kuurne"
"LENDELEDE","4,9%","","50.885 3.2305","Lendelede"
"MENIN","9,8%","","50.7935 3.1965","Menen"
"WAREGEM","7,1%","","50.878 3.419","Waregem"
"WEVELGEM","5,4%","","50.8314 3.1738","Wevelgem"
"ZWEVEGEM","4,9%","","50.7825 3.3815","Zwevegem"
"ESPIERRES-HELCHIN","8,6%","","50.7306 3.3625","Spiere-Helkijn"
"BREDENE","6,2%","","51.239 2.9765","Bredene"
"GISTEL","5,7%","","51.1511 2.9432","Gistel"
"ICHTEGEM","5,2%","","51.11 3.0305","Ichtegem"
"MIDDELKERKE","7,4%","","51.1534 2.8384","Middelkerke"
"OSTENDE","11,1%","","51.2155 2.921","Oostende"
"OUDENBURG","5,8%","","51.1862 3.012","Oudenburg"
"LE COQ","7,8%","","51.2618 3.0475","De Haan"
"HOOGLEDE","5,3%","","50.9895 3.0824","Hooglede"
"INGELMUNSTER","5,4%","","50.9215 3.2635","Ingelmunster"
"IZEGEM","6,5%","","50.9211 3.2055","Izegem"
"LEDEGEM","5,2%","","50.8705 3.1175","Ledegem"
"LICHTERVELDE","4,7%","","51.028 3.1462","Lichtervelde"
"MOORSLEDE","5,4%","","50.8825 3.0725","Moorslede"
"ROULERS","8,2%","","50.9369 3.1336","Roeselare"
"STADEN","7,2%","","50.9575 3.0005","Staden"
"DENTERGEM","5,4%","","50.9532 3.4065","Dentergem"
"MEULEBEKE","6,5%","","50.951 3.295","Meulebeke"
"OOSTROZEBEKE","5,5%","","50.9306 3.3372","Oostrozebeke"
"PITTEM","6,6%","","51.001 3.259","Pittem"
"RUISELEDE","5,6%","","51.0625 3.3655","Ruiselede"
"TIELT","7,4%","","51.0075 3.3325","Tielt"
"WIELSBEKE","5,9%","","50.912 3.3674","Wielsbeke"
"WINGENE","6,0%","","51.0595 3.2598","Wingene"
"ARDOOIE","6,5%","","50.9816 3.203","Ardooie"
"ALVERINGEM","7,5%","","50.9755 2.6585","Alveringem"
"LA PANNE","8,5%","","51.0808 2.5884","De Panne"
"KOKSIJDE","7,2%","","51.1155 2.6795","Koksijde"
"NIEUPORT","8,5%","","51.125 2.7648","Nieuwpoort"
"FURNES","7,8%","","51.0466 2.6648","Veurne"
"ALOST","8,3%","","50.9446 4.0687","Aalst"
"DENDERLEEUW","6,5%","","50.888 4.0595","Denderleeuw"
"GRAMMONT","7,9%","","50.7796 3.904","Geraardsbergen"
"HAALTERT","4,0%","","50.8846 3.9933","Haaltert"
"HERZELE","4,4%","","50.8703 3.8924","Herzele"
"LEDE","5,0%","","50.9675 3.9655","Lede"
"NINOVE","6,8%","","50.8261 4.0049","Ninove"
"SINT-LIEVENS-HOUTEM","4,3%","","50.931 3.8758","Sint-Lievens-Houtem"
"ZOTTEGEM","5,5%","","50.864 3.801","Zottegem"
"ERPE-MERE","4,5%","","50.9215 3.9519","Erpe-Mere"
"BERLARE","6,1%","","51.039 3.963","Berlare"
"BUGGENHOUT","4,7%","","51.0119 4.1988","Buggenhout"
"TERMONDE","6,8%","","51.0285 4.1275","Dendermonde"
"HAMME","7,0%","","51.0782 4.1397","Hamme"
"LAARNE","4,6%","","51.0465 3.9115","Laarne"
"LEBBEKE","5,2%","","50.9924 4.119","Lebbeke"
"WAASMUNSTER","7,3%","","51.1185 4.0395","Waasmunster"
"WETTEREN","7,5%","","50.9945 3.8703","Wetteren"
"WICHELEN","4,5%","","50.9987 3.9535","Wichelen"
"ZELE","7,0%","","51.0673 4.0359","Zele"
"ASSENEDE","5,5%","","51.2245 3.704","Assenede"
"EEKLO","8,1%","","51.1945 3.5622","Eeklo"
"KAPRIJKE","5,0%","","51.2081 3.6271","Kaprijke"
"MALDEGEM","5,6%","","51.1981 3.4504","Maldegem"
"SINT-LAUREINS","6,1%","","51.26 3.5803","Sint-Laureins"
"ZELZATE","7,6%","","51.198 3.8105","Zelzate"
"DE PINTE","3,7%","","50.9859 3.6693","De Pinte"
"DESTELBERGEN","4,8%","","51.0443 3.8094","Destelbergen"
"EVERGEM","4,3%","","51.143 3.7155","Evergem"
"GAVERE","5,0%","","50.929 3.69","Gavere"
"GAND","11,9%","","51.0743 3.7254","Gent"
"LOCHRISTI","4,8%","","51.1032 3.8571","Lochristi"
"MELLE","4,7%","","50.9969 3.7964","Melle"
"MERELBEKE","4,6%","","50.9743 3.7407","Merelbeke"
"MOERBEKE","5,6%","","51.1824 3.945","Moerbeke"
"NAZARETH","5,1%","","50.9585 3.6275","Nazareth"
"OOSTERZELE","3,9%","","50.9388 3.7971","Oosterzele"
"SINT-MARTENS-LATEM","7,1%","","51.0085 3.623","Sint-Martens-Latem"
"WACHTEBEKE","4,8%","","51.1835 3.8685","Wachtebeke"
"ZULTE","5,3%","","50.9373 3.4724","Zulte"
"DEINZE","5,7%","","51.018 3.5316","Deinze"
"AALTER","5,0%","","51.0953 3.4473","Aalter"
"LIEVEGEM","4,9%","","51.125 3.561","Lievegem"
"AUDENARDE","6,7%","","50.8535 3.6209","Oudenaarde"
"RENAIX","13,9%","","50.7496 3.6077","Ronse"
"BRAKEL","4,8%","","50.797 3.749","Brakel"
"KLUISBERGEN","4,1%","","50.7845 3.5385","Kluisbergen"
"WORTEGEM-PETEGEM","4,8%","","50.8485 3.5276","Wortegem-Petegem"
"HOREBEKE","3,8%","","50.8322 3.6946","Horebeke"
"LIERDE","5,5%","","50.8054 3.8364","Lierde"
"MAARKEDAL","4,1%","","50.7952 3.641","Maarkedal"
"ZWALM","4,0%","","50.8772 3.7239","Zwalm"
"KRUISEM","4,3%","","50.9081 3.561","Kruisem"
"BEVEREN","6,0%","","51.26 4.236","Beveren"
"KRUIBEKE","6,3%","","51.1578 4.2918","Kruibeke"
"LOKEREN","8,1%","","51.1134 3.9615","Lokeren"
"SINT-GILLIS-WAAS","6,4%","","51.2298 4.1189","Sint-Gillis-Waas"
"SAINT-NICOLAS, Flandre-Orientale","11,6%","","51.1648 4.1087","Sint-Niklaas"
"STEKENE","5,5%","","51.2123 4.0285","Stekene"
"TAMISE","8,7%","","51.1385 4.207","Temse"
"ATH","8,5%","","50.6395 3.7729","Aat"
"BELOEIL","8,1%","","50.5326 3.6886","Beloeil"
"BERNISSART","11,1%","","50.4785 3.6515","Bernissart"
"BRUGELETTE","7,5%","","50.6021 3.8672","Brugelette"
"CHIEVRES","7,3%","","50.5712 3.784","Chièvres"
"ELLEZELLES","6,5%","","50.729 3.683","Elzele"
"FLOBECQ","7,7%","","50.7535 3.7316","Vloesberg"
"FRASNES-LEZ-ANVAING","6,6%","","50.6823 3.6007","Frasnes-lez-Anvaing"
"ENGHIEN","8,7%","","50.6725 4.0025","Edingen"
"SILLY","5,8%","","50.6425 3.9285","Opzullik"
"LESSINES","10,8%","","50.7125 3.8331","Lessen"
"CHAPELLE-LEZ-HERLAIMONT","11,9%","","50.4626 4.2876","Chapelle-lez-Herlaimont"
"CHARLEROI","24,2%","","50.421 4.4345","Charleroi"
"CHATELET","18,7%","","50.3972 4.5224","Châtelet"
"COURCELLES","14,5%","","50.4725 4.3411","Courcelles"
"FARCIENNES","23,3%","","50.4344 4.547","Farciennes"
"FLEURUS","13,2%","","50.4862 4.5392","Fleurus"
"FONTAINE-L'EVEQUE","14,3%","","50.4073 4.3218","Fontaine-l’Evêque"
"GERPINNES","8,0%","","50.347 4.5265","Gerpinnes"
"MONTIGNY-LE-TILLEUL","7,4%","","50.3763 4.3711","Montigny-le-Tilleul"
"PONT-A-CELLES","7,5%","","50.5155 4.3545","Pont-à-Celles"
"AISEAU-PRESLES","14,6%","","50.403 4.574","Aiseau-Presles"
"LES BONS VILLERS","6,9%","","50.5278 4.4481","Les Bons Villers"
"BOUSSU","18,2%","","50.4235 3.801","Boussu"
"DOUR","15,5%","","50.3873 3.7869","Dour"
"FRAMERIES","15,4%","","50.383 3.879","Frameries"
"HENSIES","13,3%","","50.4357 3.7139","Hensies"
"JURBISE","4,7%","","50.522 3.899","Jurbeke"
"LENS","6,2%","","50.578 3.944","Lens"
"MONS","16,5%","","50.4525 3.9718","Bergen"
"QUAREGNON","18,2%","","50.4378 3.8585","Quaregnon"
"QUIEVRAIN","19,7%","","50.396 3.695","Quiévrain"
"SAINT-GHISLAIN","12,2%","","50.49 3.788","Saint-Ghislain"
"COLFONTAINE","20,1%","","50.407 3.842","Colfontaine"
"HONNELLES","8,8%","","50.3435 3.6975","Honnelles"
"QUEVY","7,6%","","50.3665 3.9543","Quévy"
"BRAINE-LE-COMTE","9,0%","","50.617 4.183","’s Gravenbrakel"
"LE ROEULX","8,9%","","50.5073 4.1061","Le Roeulx"
"SOIGNIES","9,4%","","50.5662 4.0384","Zinnik"
"ECAUSSINNES","8,1%","","50.5628 4.1795","Ecaussinnes"
"SENEFFE","8,8%","","50.549 4.261","Seneffe"
"MANAGE","14,5%","","50.4931 4.239","Manage"
"ANDERLUES","12,8%","","50.4037 4.2657","Anderlues"
"BEAUMONT","11,9%","","50.227 4.2555","Beaumont"
"CHIMAY","16,6%","","50.0409 4.3243","Chimay"
"ERQUELINNES","16,5%","","50.3038 4.1386","Erquelinnes"
"FROIDCHAPELLE","13,8%","","50.1425 4.3415","Froidchapelle"
"LOBBES","7,5%","","50.3545 4.2435","Lobbes"
"MERBES-LE-CHATEAU","12,8%","","50.321 4.1944","Merbes-le-Château"
"MOMIGNIES","18,5%","","50.009 4.189","Momignies"
"THUIN","11,6%","","50.3242 4.3108","Thuin"
"HAM-SUR-HEURE-NALINNES","6,2%","","50.3275 4.4139","Ham-sur-Heure-Nalinnes"
"SIVRY-RANCE","12,5%","","50.1601 4.2104","Sivry-Rance"
"ANTOING","10,7%","","50.5561 3.4657","Antoing"
"CELLES","7,4%","","50.7037 3.449","Celles"
"ESTAIMPUIS","10,0%","","50.6876 3.2885","Estaimpuis"
"PECQ","8,7%","","50.6851 3.3567","Pecq"
"PERUWELZ","11,8%","","50.5335 3.5625","Péruwelz"
"RUMES","6,4%","","50.543 3.308","Rumes"
"TOURNAI","13,4%","","50.6205 3.4105","Doornik"
"BRUNEHAUT","7,4%","","50.529 3.396","Brunehaut"
"LEUZE-EN-HAINAUT","9,6%","","50.5972 3.6288","Leuze-en-Hainaut"
"MONT-DE-L'ENCLUS","5,6%","","50.738 3.5045","Mont-de-l’Enclus"
"MOUSCRON","13,6%","","50.7364 3.2511","Moeskroen"
"COMINES-WARNETON","13,0%","","50.7515 2.9302","Komen-Waasten"
"LA LOUVIERE","17,0%","","50.4736 4.1567","La Louvière"
"BINCHE","13,2%","","50.398 4.203","Binche"
"ESTINNES","10,8%","","50.3788 4.1007","Estinnes"
"MORLANWELZ","12,8%","","50.4475 4.2436","Morlanwelz"
"AMAY","10,4%","","50.553 5.3116","Amay"
"BURDINNE","4,8%","","50.5815 5.0535","Burdinne"
"CLAVIER","7,7%","","50.413 5.365","Clavier"
"FERRIERES","7,4%","","50.4072 5.6209","Ferrières"
"HAMOIR","10,3%","","50.4372 5.5551","Hamoir"
"HERON","4,9%","","50.5405 5.1054","Héron"
"HUY","15,3%","","50.5035 5.1645","Hoei"
"MARCHIN","6,6%","","50.4675 5.2375","Marchin"
"MODAVE","7,1%","","50.4715 5.295","Modave"
"NANDRIN","4,2%","","50.516 5.418","Nandrin"
"OUFFET","6,9%","","50.4455 5.4605","Ouffet"
"VERLAINE","5,0%","","50.6089 5.3024","Verlaine"
"VILLERS-LE-BOUILLET","7,0%","","50.5933 5.2427","Villers-Le-Bouillet"
"WANZE","8,5%","","50.5504 5.198","Wanze"
"ANTHISNES","7,7%","","50.4893 5.4984","Anthisnes"
"ENGIS","12,4%","","50.5575 5.3888","Engis"
"TINLOT","6,2%","","50.4751 5.3799","Tinlot"
"ANS","14,0%","","50.686 5.497","Ans"
"AWANS","7,8%","","50.6927 5.4552","Awans"
"AYWAILLE","10,3%","","50.458 5.687","Aywaille"
"BASSENGE","8,4%","","50.7695 5.6345","Bitsingen"
"BEYNE-HEUSAY","12,5%","","50.6284 5.6614","Beyne-Heusay"
"CHAUDFONTAINE","8,2%","","50.582 5.6345","Chaudfontaine"
"COMBLAIN-AU-PONT","11,1%","","50.4855 5.5625","Comblain-au-Pont"
"DALHEM","5,8%","","50.7206 5.7591","Dalhem"
"ESNEUX","7,6%","","50.5376 5.5688","Esneux"
"FLERON","11,3%","","50.6152 5.6841","Fléron"
"HERSTAL","16,5%","","50.6815 5.6065","Herstal"
"JUPRELLE","5,6%","","50.7153 5.5463","Juprelle"
"LIEGE","23,7%","","50.6317 5.5904","Luik"
"OUPEYE","11,0%","","50.7211 5.6415","Oupeye"
"SAINT-NICOLAS, Liège","18,0%","","50.6315 5.5275","Saint-Nicolas"
"SERAING","20,8%","","50.588 5.511","Seraing"
"SOUMAGNE","8,1%","","50.6324 5.7312","Soumagne"
"SPRIMONT","7,0%","","50.5191 5.6661","Sprimont"
"VISE","12,3%","","50.7415 5.6865","Wezet"
"GRACE-HOLLOGNE","14,0%","","50.6375 5.431","Grâce-Hollogne"
"BLEGNY","6,7%","","50.6743 5.7087","Blegny"
"FLEMALLE","12,7%","","50.597 5.4414","Flémalle"
"NEUPRE","5,3%","","50.5441 5.4882","Neupré"
"TROOZ","9,6%","","50.5715 5.6655","Trooz"
"AMBLEVE","6,5%","","50.3455 6.1814","Amel"
"AUBEL","7,8%","","50.7007 5.8514","Aubel"
"BAELEN","5,9%","","50.585 6.037","Baelen"
"BULLANGE","7,6%","","50.403 6.3115","Büllingen"
"BUTGENBACH","7,4%","","50.458 6.195","Bütgenbach"
"DISON","24,8%","","50.6155 5.876","Dison"
"EUPEN","15,0%","","50.6105 6.0635","Eupen"
"HERVE","7,6%","","50.6487 5.7962","Herve"
"JALHAY","5,3%","","50.5309 5.9664","Jalhay"
"LA CALAMINE","14,4%","","50.7176 6.0234","Kelmis"
"LIERNEUX","8,7%","","50.3077 5.7857","Lierneux"
"LIMBOURG","8,4%","","50.6113 5.9374","Limburg"
"LONTZEN","8,9%","","50.677 6.014","Lontzen"
"MALMEDY","10,4%","","50.4315 6.0416","Malmedy"
"OLNE","5,2%","","50.587 5.716","Olne"
"PEPINSTER","10,7%","","50.5722 5.7969","Pepinster"
"RAEREN","10,5%","","50.6646 6.1264","Raeren"
"SAINT-VITH","7,0%","","50.2915 6.0405","Sankt Vith"
"SPA","11,6%","","50.472 5.867","Spa"
"STAVELOT","9,3%","","50.4165 5.9581","Stavelot"
"STOUMONT","7,5%","","50.4082 5.7985","Stoumont"
"THEUX","6,1%","","50.501 5.806","Theux"
"VERVIERS","22,4%","","50.585 5.8668","Verviers"
"WAIMES","7,4%","","50.4624 6.1248","Weismes"
"WELKENRAEDT","9,7%","","50.663 5.921","Welkenraedt"
"TROIS-PONTS","9,6%","","50.3555 5.9375","Trois-Ponts"
"BURG-REULAND","6,1%","","50.2035 6.0929","Burg-Reuland"
"PLOMBIERES","9,1%","","50.7256 5.9491","Plombières"
"THIMISTER-CLERMONT","4,6%","","50.6629 5.8697","Thimister-Clermont"
"BERLOZ","5,1%","","50.7038 5.2031","Berloz"
"BRAIVES","5,3%","","50.6154 5.1494","Braives"
"CRISNEE","5,7%","","50.7107 5.3969","Crisnée"
"DONCEEL","4,6%","","50.6493 5.3261","Donceel"
"FEXHE-LE-HAUT-CLOCHER","5,3%","","50.6636 5.4021","Fexhe-le-Haut-Clocher"
"GEER","4,2%","","50.6705 5.1835","Geer"
"HANNUT","7,4%","","50.666 5.0731","Hannuit"
"LINCENT","6,2%","","50.7214 5.0276","Lijsem"
"OREYE","6,7%","","50.7235 5.349","Oerle"
"REMICOURT","5,2%","","50.6856 5.3412","Remicourt"
"SAINT-GEORGES-SUR-MEUSE","8,4%","","50.5966 5.3607","Saint-Georges-sur-Meuse"
"WAREMME","9,5%","","50.692 5.2635","Borgworm"
"WASSEIGES","8,7%","","50.6178 5.0244","Wasseiges"
"FAIMES","4,8%","","50.647 5.2395","Faimes"
"AS","4,4%","","51.007 5.559","As"
"BERINGEN","7,5%","","51.0654 5.2358","Beringen"
"DIEPENBEEK","5,0%","","50.9115 5.4175","Diepenbeek"
"GENK","9,6%","","50.9671 5.4948","Genk"
"GINGELOM","5,0%","","50.7325 5.1395","Gingelom"
"HALEN","4,6%","","50.9499 5.0942","Halen"
"HASSELT","8,1%","","50.9353 5.3084","Hasselt"
"HERCK-LA-VILLE","5,1%","","50.9373 5.1779","Herk-de-Stad"
"BOURG-LEOPOLD","7,5%","","51.1174 5.2506","Leopoldsburg"
"LUMMEN","4,5%","","50.9952 5.1831","Lummen"
"NIEUWERKERKEN","5,3%","","50.881 5.235","Nieuwerkerken"
"SAINT-TROND","8,7%","","50.813 5.197","Sint-Truiden"
"TESSENDERLO","5,3%","","51.0548 5.0692","Tessenderlo"
"ZONHOVEN","5,4%","","50.9918 5.3765","Zonhoven"
"ZUTENDAAL","5,8%","","50.936 5.571","Zutendaal"
"HAM","4,6%","","51.1002 5.1608","Ham"
"HEUSDEN-ZOLDER","8,2%","","51.0199 5.2892","Heusden-Zolder"
"BOCHOLT","6,5%","","51.187 5.5637","Bocholt"
"BREE","6,1%","","51.144 5.632","Bree"
"KINROOI","6,2%","","51.1545 5.757","Kinrooi"
"LOMMEL","6,4%","","51.2255 5.302","Lommel"
"MAASEIK","7,4%","","51.0879 5.7152","Maaseik"
"PEER","6,1%","","51.1284 5.4616","Peer"
"HAMONT-ACHEL","8,0%","","51.26 5.5073","Hamont-Achel"
"HECHTEL-EKSEL","6,4%","","51.1385 5.3463","Hechtel-Eksel"
"HOUTHALEN-HELCHTEREN","7,0%","","51.0525 5.3875","Houthalen-Helchteren"
"DILSEN-STOKKEM","6,5%","","51.036 5.712","Dilsen-Stokkem"
"OUDSBERGEN","5,2%","","51.0749 5.5563","Oudsbergen"
"PELT","6,5%","","51.22 5.4245","Pelt"
"ALKEN","4,8%","","50.8784 5.2904","Alken"
"BILZEN","6,3%","","50.8695 5.5325","Bilzen"
"LOOZ","7,0%","","50.807 5.364","Borgloon"
"HEERS","6,1%","","50.7536 5.3119","Heers"
"HOESELT","5,6%","","50.8449 5.4727","Hoeselt"
"KORTESSEM","5,6%","","50.8531 5.4059","Kortessem"
"LANAKEN","7,8%","","50.8994 5.6443","Lanaken"
"RIEMST","7,0%","","50.8054 5.5922","Riemst"
"TONGRES","8,3%","","50.771 5.44","Tongeren**"
"WELLEN","4,5%","","50.8428 5.3234","Wellen"
"MAASMECHELEN","9,7%","","50.969 5.678","Maasmechelen"
"FOURONS","8,2%","","50.7465 5.8645","Voeren"
"ARLON","9,2%","","49.6745 5.8355","Aarlen"
"ATTERT","4,3%","","49.747 5.7545","Attert"
"AUBANGE","10,7%","","49.5755 5.7885","Aubange"
"MARTELANGE","10,2%","","49.8111 5.7246","Martelange"
"MESSANCY","6,1%","","49.6148 5.8114","Messancy"
"BASTOGNE","9,7%","","50.0156 5.7615","Bastenaken"
"BERTOGNE","5,2%","","50.0632 5.646","Bertogne"
"FAUVILLERS","7,1%","","49.881 5.699","Fauvillers"
"HOUFFALIZE","9,8%","","50.149 5.739","Houffalize"
"VIELSALM","10,7%","","50.2835 5.9035","Vielsalm"
"VAUX-SUR-SURE","6,8%","","49.9342 5.6064","Vaux-sur-Sûre"
"GOUVY","10,1%","","50.19 5.911","Gouvy"
"SAINTE-ODE","10,4%","","50.025 5.5279","Sainte-Ode"
"DURBUY","10,5%","","50.365 5.489","Durbuy"
"EREZEE","9,4%","","50.2945 5.5835","Erezée"
"HOTTON","10,6%","","50.2675 5.4365","Hotton"
"LA ROCHE-EN-ARDENNE","11,5%","","50.1671 5.605","La Roche-en-Ardenne"
"MARCHE-EN-FAMENNE","9,8%","","50.218 5.34","Marche-en-Famenne"
"NASSOGNE","8,3%","","50.1395 5.3545","Nassogne"
"RENDEUX","8,6%","","50.2145 5.4925","Rendeux"
"TENNEVILLE","6,8%","","50.0995 5.5445","Tenneville"
"MANHAY","8,5%","","50.289 5.6627","Manhay"
"BERTRIX","11,4%","","49.854 5.2462","Bertrix"
"BOUILLON","15,0%","","49.806 5.0831","Bouillon"
"DAVERDISSE","11,3%","","50.003 5.099","Daverdisse"
"HERBEUMONT","12,1%","","49.7955 5.306","Herbeumont"
"LEGLISE","5,5%","","49.8175 5.5585","Léglise"
"LIBIN","7,1%","","49.9782 5.2382","Libin"
"NEUFCHATEAU","9,8%","","49.851 5.4332","Neufchâteau"
"PALISEUL","10,9%","","49.9078 5.137","Paliseul"
"SAINT-HUBERT","11,7%","","50.038 5.3445","Saint-Hubert"
"TELLIN","9,6%","","50.0755 5.2255","Tellin"
"WELLIN","11,1%","","50.0601 5.0985","Wellin"
"LIBRAMONT-CHEVIGNY","9,0%","","49.9462 5.4225","Libramont-Chevigny"
"CHINY","9,0%","","49.721 5.3955","Chiny"
"ETALLE","5,4%","","49.6639 5.6088","Etalle"
"FLORENVILLE","12,7%","","49.7078 5.2755","Florenville"
"MEIX-DEVANT-VIRTON","10,3%","","49.6036 5.4699","Meix-devant-Virton"
"MUSSON","7,8%","","49.5694 5.6808","Musson"
"SAINT-LEGER","7,0%","","49.616 5.645","Saint-Léger"
"TINTIGNY","5,5%","","49.686 5.4843","Tintigny"
"VIRTON","11,4%","","49.5725 5.5725","Virton"
"HABAY","7,0%","","49.735 5.617","Habay"
"ROUVROY","10,6%","","49.536 5.4875","Rouvroy"
"ANHEE","7,6%","","50.32 4.766","Anhée"
"BEAURAING","12,5%","","50.0915 4.95","Beauraing"
"BIEVRE","11,8%","","49.9295 5.025","Bièvre"
"CINEY","9,5%","","50.2694 5.1227","Ciney"
"DINANT","15,9%","","50.2495 4.9432","Dinant"
"GEDINNE","11,9%","","49.9845 4.8995","Gedinne"
"HAMOIS","7,0%","","50.3375 5.1645","Hamois"
"HAVELANGE","8,5%","","50.3612 5.248","Havelange"
"HOUYET","11,1%","","50.1915 5.0315","Houyet"
"ONHAYE","8,7%","","50.263 4.815","Onhaye"
"ROCHEFORT","11,2%","","50.157 5.1692","Rochefort"
"SOMME-LEUZE","8,2%","","50.2995 5.3186","Somme-Leuze"
"YVOIR","8,0%","","50.3225 4.9785","Yvoir"
"HASTIERE","16,0%","","50.195 4.8259","Hastière"
"VRESSE-SUR-SEMOIS","12,3%","","49.8503 4.9158","Vresse-sur-Semois"
"ANDENNE","10,5%","","50.4895 5.063","Andenne"
"ASSESSE","5,9%","","50.376 4.9985","Assesse"
"EGHEZEE","5,8%","","50.5866 4.8939","Eghezée"
"FLOREFFE","5,5%","","50.4352 4.7557","Floreffe"
"FOSSES-LA-VILLE","10,2%","","50.3932 4.6812","Fosses-la-Ville"
"GESVES","6,5%","","50.4224 5.0534","Gesves"
"METTET","7,6%","","50.3205 4.675","Mettet"
"NAMUR","13,9%","","50.4605 4.8727","Namen"
"OHEY","6,7%","","50.4358 5.1663","Ohey"
"PROFONDEVILLE","7,7%","","50.377 4.843","Profondeville"
"SOMBREFFE","7,5%","","50.5266 4.6026","Sombreffe"
"SAMBREVILLE","12,5%","","50.4465 4.6215","Sambreville"
"FERNELMONT","4,8%","","50.554 4.9871","Fernelmont"
"JEMEPPE-SUR-SAMBRE","9,5%","","50.4675 4.677","Jemeppe-sur-Sambre"
"LA BRUYERE","4,2%","","50.5297 4.8099","La Bruyère"
"GEMBLOUX","7,4%","","50.5543 4.7091","Gembloux"
"CERFONTAINE","9,8%","","50.1815 4.4405","Cerfontaine"
"COUVIN","16,8%","","50.0379 4.4809","Couvin"
"DOISCHE","12,3%","","50.151 4.759","Doische"
"FLORENNE","10,6%","","50.2605 4.5675","Florennes"
"PHILIPPEVILLE","11,5%","","50.161 4.546","Philippeville"
"WALCOURT","8,4%","","50.2725 4.4555","Walcourt"
"VIROINVAL","14,8%","","50.05 4.624","Viroinval"
